rsID,effect_allele,effect_weight
rs78540526,T,0.1622038798748537
rs75915166,A,0.023618865598634
rs554219,G,0.1167157996959607
rs7726159,A,0.0352706140819193
rs10069690,T,0.0239118200463128
rs2736108,T,-0.0641119454672442
rs2588809,T,0.0645697706493
rs999737,T,-0.0791514383054375
rs10759243,A,0.0527821854389694
rs865686,G,-0.1070285727585233
rs2981579,A,0.2250617104701135
rs11199914,T,-0.0618754037180875
rs7072776,A,0.0564748469279789
rs11814448,C,0.1972101692877052
rs13387042,G,-0.1285154222354273
rs16857609,T,0.069619341880057
rs11552449,T,0.0778865386570712
rs11249433,G,0.0946736136026809
rs1045485,C,-0.036249132675121
rs4973768,T,0.0896578719305354
rs10941679,G,0.1131500979326557
rs889312,C,0.1111835289606149
rs12662670,G,0.1303262616755742
rs2046210,A,0.0460244383112792
rs13281615,G,0.0907543632684641
rs1011970,T,0.0489806222216218
rs2380205,T,-0.0231662780318395
rs10995190,A,-0.1551344969499907
rs704010,T,0.0675651861624238
rs3817198,C,0.0717623662268907
rs10771399,G,-0.1474564694678752
rs1292011,G,-0.0813185211775883
rs3803662,A,0.2035121093649824
rs6504950,A,-0.0682788407532943
rs8170,A,0.0309171026347216
rs2363956,T,0.0260575343192896
rs2823093,A,-0.0753703070247766
rs17879961,G,0.3098348770929142
rs616488,G,-0.0600685264661195
rs4849887,T,-0.0847956517047163
rs2016394,A,-0.0508723303737565
rs1550623,G,-0.0570995920405728
rs6762644,G,0.0640071299742924
rs12493607,C,0.0515482618805765
rs9790517,T,0.0469790011939946
rs6828523,A,-0.0991575715332186
rs10472076,C,0.041045969436001
rs1353747,G,-0.0819695628672506
rs1432679,G,0.0648509723196162
rs11242675,C,-0.0587950465105054
rs204247,G,0.0490758376465926
rs17529111,G,0.044686517622406
rs720475,A,-0.0563587336693842
rs9693444,A,0.0704584636485613
rs6472903,G,-0.0916767885719041
rs2943559,G,0.1252219647533818
rs11780156,T,0.066817173037317
rs7904519,G,0.0567583338186088
rs3903072,T,-0.0574172708699506
rs11820646,T,-0.04468360762664
rs12422552,C,0.0321767316952212
rs17356907,G,-0.0967311889597717
rs11571833,T,0.2318257516970435
rs2236007,A,-0.0830555751373258
rs941764,G,0.0616593803867277
rs17817449,G,-0.0725706928348353
rs13329835,G,0.0730645708570052
rs527616,C,-0.0436384570298294
rs1436904,G,-0.0548786615099894
rs4808801,G,-0.0673157072848671
rs3760982,A,0.0538250866949073
rs132390,C,0.1035488756285588
rs6001930,C,0.1261920252377594
rs4245739,C,0.0286846338599088
rs6678914,A,-0.0110609473594249
rs12710696,A,0.0379699312516286
rs11075995,T,0.0361390466158731
